вопрос;тип вопроса;варианты ответов;правильный ответ;источник
Укажите основной порог температуры отопительного периода для жилых и общественных зданий? (укажите значение в оС);текстовый;;8;СП 50.13330.2024, п. 3.14
Укажите порог температуры отопительного периода для дошкольных образовательных организаций, общеобразовательных организаций, медицинских организаций и домов-интернатов для престарелых? (укажите значение в оС);текстовый;;10;СП 50.13330.2024, п. 3.14
Укажите базовую разность давлений для светопрозрачных конструкций (в Па);текстовый;;10;СП 50.13330.2024, п. 7.5
Выше какой температуры пола теплоусвоение не нормируется?  (укажите значение в оС);текстовый;;23;"СП 50.13330.2024, п. 9.3 Не нормируется показатель теплоусвоения поверхности полов:
а) имеющих температуру поверхности выше 23°C;"
Укажите статус приложения Г СП 50.13330: ;один;"Обязательное; Справочное; Рекомендуемое; Информационное";Обязательное;СП 50.13330.2024, прил. Г
Что такое теплозащитная оболочка?;один;"Замкнутый контур ограждений отапливаемого объема; Только наружные стены; Только кровля; Система отопления";Замкнутый контур ограждений отапливаемого объема;СП 50.13330.2024, п. 3.25
Как соотносится значение приведённого сопротивления теплопередаче  Rпр с нормируемым значением?;один;"Не ниже нормируемого; Не выше нормируемого; Всегда равно нормируемому; Не сравнивается";Не ниже нормируемого;"СП 50.13330.2024, п. 5.1 Теплозащитная оболочка здания должна соответствовать следующим требованиям:
а) приведенное сопротивление теплопередаче отдельных ограждающих конструкций должно быть не менее нормируемых значений (поэлементные требования);
б) удельная теплозащитная характеристика здания должна быть не более нормируемого значения (комплексное требование);
в) температура на внутренних поверхностях ограждающих конструкций должна быть не ниже минимально допустимых значений (санитарно-гигиеническое требование)."
Как соотносится удельная теплозащитная характеристика с нормой?;один;"Не выше нормируемой; Не ниже нормируемой; Всегда равна 1; Не нормируется";Не выше нормируемой;"СП 50.13330.2024, п. 5.1 Теплозащитная оболочка здания должна соответствовать следующим требованиям:
а) приведенное сопротивление теплопередаче отдельных ограждающих конструкций должно быть не менее нормируемых значений (поэлементные требования);
б) удельная теплозащитная характеристика здания должна быть не более нормируемого значения (комплексное требование);
в) температура на внутренних поверхностях ограждающих конструкций должна быть не ниже минимально допустимых значений (санитарно-гигиеническое требование)."
Укажите минимальное требование к температуре внутренней поверхности:;один;"Не ниже точки росы; Не выше наружной; Всегда 20 °C; Равна наружной";Не ниже точки росы;СП 50.13330.2024, п. 5.7 Температура внутренней поверхности ограждающей конструкции (за исключением вертикальных светопрозрачных конструкций, т.е. с углом наклона к горизонту 45° и более) должна быть не ниже точки росы внутреннего воздуха при расчетной температуре наружного воздуха , °C.
Укажите максимальную влажность для жилых помещений при определении точки росы:;один;"55 %; 45 %; 60 %; 75 %";55 %;"СП 50.13330.2024, п. 5.7 Относительную влажность внутреннего воздуха для определения точки росы следует принимать:
- для помещений жилых зданий, медицинских организаций, диспансеров, амбулаторно-поликлинических учреждений, родильных домов, домов-интернатов для престарелых и инвалидов, общеобразовательных организаций, дошкольных образовательных организаций, яслей-садов (комбинатов) и детских домов - 55%;"
Укажите максимальную влажность для кухонь при определении точки росы:;один;"60 %; 55 %; 65 %; 75 %";60 %;"СП 50.13330.2024, п. 5.7 Относительную влажность внутреннего воздуха для определения точки росы следует принимать:
- кухонь - 60%;"
Укажите максимальную влажность для ванных комнат при определении точки росы:;один;"65 %; 55 %; 60 %; 75 %";65 %;"СП 50.13330.2024, п. 5.7 Относительную влажность внутреннего воздуха для определения точки росы следует принимать:
- ванных комнат - 65%;"
Укажите максимальную влажность для теплых подвалов с коммуникациями:;один;"75 %; 55 %; 60 %; 65 %";75 %;"СП 50.13330.2024, п. 5.7 Относительную влажность внутреннего воздуха для определения точки росы следует принимать:
- теплых подвалов и подполий с коммуникациями - 75%;"
При какой среднемесячной температуре июля проверяют теплоустойчивость?;один;"21 °C и выше; 18 °C и выше; 25 °C и выше; 30 °C и выше";21 °C и выше;СП 50.13330.2024, п. 6.1 В районах со среднемесячной температурой июля 21°C и выше расчетная амплитуда колебаний температуры внутренней поверхности ограждающих конструкций (наружных стен и перекрытий/покрытий) , °C, жилых зданий, медицинских организаций (больниц, клиник, стационаров и госпиталей), диспансеров, амбулаторно-поликлинических учреждений, родильных домов, домов ребенка, домов-интернатов для престарелых и инвалидов, дошкольных образовательных организаций, яслей-садов (комбинатов) и детских домов, а также производственных зданий, в которых необходимо соблюдать оптимальные параметры температуры и относительной влажности воздуха в рабочей зоне в теплый период года или по условиям технологии поддерживать постоянными температуру или температуру и относительную влажность воздуха, не должна быть более нормируемой амплитуды колебаний температуры внутренней поверхности ограждающей конструкции ,
Как рассчитывают Rи многослойной конструкции?;один;"Суммой сопротивлений слоев; Средним значением; По наружному слою; По минимальному слою";Суммой сопротивлений слоев;СП 50.13330.2024, п. 7.4
Укажите условие, необходимое для выполнения требований по воздухопроницанию:;один;"Rи не менее требуемого; Rи меньше требуемого; Rи равно нулю; При любом Rи";Rи не менее требуемого;СП 50.13330.2024, п. 7.7
Для чего нормируют сопротивление паропроницанию?;один;"Для ограничения накопления влаги; Для расчета освещенности; Для звукоизоляции; Для прочности";Для ограничения накопления влаги;СП 50.13330.2024, п. 8.1 Защита от переувлажнения ограждающих конструкций должна обеспечиваться путем проектирования ограждающих конструкций с сопротивлением паропроницанию внутренних слоев не менее требуемого значения, определяемого расчетом одномерного влагопереноса (осуществляемому по механизму паропроницаемости).
 Укажите условия, необходимое для теплоусвоения пола:;один;"Yпол не более нормируемого; Yпол больше нормы; Yпол равен нулю; Проверка не нужна";Yпол не более нормируемого;СП 50.13330.2024, п. 9.2
Укажите мероприятия при превышении Yпол?;один;"Изменяют конструкцию или толщины слоев; Увеличивают окна; Исключают расчет; Меняют наружную температуру";Изменяют конструкцию или толщины слоев;СП 50.13330.2024, п. 9.2
Какой показатель нормирует расход тепла на отопление и вентиляцию?;один;"Удельная характеристика расхода тепла; Коэффициент солнечного поглощения; Паропроницаемость; Плотность материала";Удельная характеристика расхода тепла;СП 50.13330.2024, п. 10.1 Показателем расхода тепловой энергии на отопление и вентиляцию жилого или общественного здания на стадии разработки проектной документации является удельная характеристика расхода тепловой энергии на отопление и вентиляцию здания, численно равная расходу тепловой энергии на 1 мотапливаемого объема здания в единицу времени при перепаде температуры в 1°C , Вт/(м·°C).
К какому объему относят удельный расход тепла?;один;"К 1 м³ отапливаемого объема; К 1 м² фасада; К 1 м² пола; К строительному объему";К 1 м³ отапливаемого объема;СП 50.13330.2024, п. 10.1 Показателем расхода тепловой энергии на отопление и вентиляцию жилого или общественного здания на стадии разработки проектной документации является удельная характеристика расхода тепловой энергии на отопление и вентиляцию здания, численно равная расходу тепловой энергии на 1 мотапливаемого объема здания в единицу времени при перепаде температуры в 1°C , Вт/(м·°C). Расчетное значение удельной характеристики расхода тепловой энергии на отопление и вентиляцию здания , Вт/(м·°C), определяется по приложению Б с учетом климатических условий района строительства, выбранных объемно-планировочных решений, ориентации здания, теплозащитных свойств ограждающих конструкций, принятой системы вентиляции здания, а также применения энергосберегающих технологий. Расчетное значение удельной характеристики расхода тепловой энергии на отопление и вентиляцию здания должно быть меньше или равно нормируемому значению , Вт/(м·°C)
Статус приложения Б СП 50.13330?;один;"Обязательное; Справочное; Рекомендуемое; Информационное";Обязательное;СП 50.13330.2024, прил. Б
Статус приложения Е СП 50.13330?;один;"Справочное; Обязательное; Рекомендуемое; Нормативное обязательное";Справочное;СП 50.13330.2024, прил. Е
Какие разделы СП 50.13330 посвящены защитным свойствам ограждающих конструкций?;несколько;"Тепловая защита; Теплоустойчивость; Воздухопроницаемость; Защита от переувлажнения; Теплоусвоение полов; Расчет фундаментов";"Тепловая защита; Теплоустойчивость; Воздухопроницаемость; Защита от переувлажнения; Теплоусвоение полов";СП 50.13330.2024, разд. 5–9
Какие требования к теплозащитной оболочке необходимо выполнять одновременно?;несколько;"Rпр не ниже нормы; Удельная характеристика не выше нормы; Температура поверхностей не ниже допустимой; Одинаковая толщина утеплителя";"Rпр не ниже нормы; Удельная характеристика не выше нормы; Температура поверхностей не ниже допустимой";"СП 50.13330.2024, п. 5.1 Теплозащитная оболочка здания должна соответствовать следующим требованиям:
а) приведенное сопротивление теплопередаче отдельных ограждающих конструкций должно быть не менее нормируемых значений (поэлементные требования);
б) удельная теплозащитная характеристика здания должна быть не более нормируемого значения (комплексное требование);
в) температура на внутренних поверхностях ограждающих конструкций должна быть не ниже минимально допустимых значений (санитарно-гигиеническое требование).
Требования тепловой защиты здания будут выполнены при одновременном выполнении требований а), б) и в)."
Укажите, в каких помещениях принимают влажность 55 %:;несколько;"Жилые помещения; Медицинские организации; Образовательные организации; Теплые чердаки жилых зданий; Ванные комнаты";"Жилые помещения; Медицинские организации; Образовательные организации; Теплые чердаки жилых зданий";"СП 50.13330.2024, п. 5.7 Относительную влажность внутреннего воздуха для определения точки росы следует принимать:
- для помещений жилых зданий, медицинских организаций, диспансеров, амбулаторно-поликлинических учреждений, родильных домов, домов-интернатов для престарелых и инвалидов, общеобразовательных организаций, дошкольных образовательных организаций, яслей-садов (комбинатов) и детских домов - 55%;
- кухонь - 60%;
- ванных комнат - 65%;
- теплых подвалов и подполий с коммуникациями - 75%;
- теплых чердаков жилых зданий - 55%;
- других помещений общественных зданий (за исключением вышеуказанных) - 50%."
Укажите верное сочетание назначения помещения и влажности в нем:;несколько;"55 % — жилые; 60 % — кухни; 65 % — ванные; 75 % — теплые подвалы; 30 % — теплые чердаки";"55 % — жилые; 60 % — кухни; 65 % — ванные; 75 % — теплые подвалы";"СП 50.13330.2024, п. 5.7 Относительную влажность внутреннего воздуха для определения точки росы следует принимать:
- для помещений жилых зданий, медицинских организаций, диспансеров, амбулаторно-поликлинических учреждений, родильных домов, домов-интернатов для престарелых и инвалидов, общеобразовательных организаций, дошкольных образовательных организаций, яслей-садов (комбинатов) и детских домов - 55%;
- кухонь - 60%;
- ванных комнат - 65%;
- теплых подвалов и подполий с коммуникациями - 75%;
- теплых чердаков жилых зданий - 55%;
- других помещений общественных зданий (за исключением вышеуказанных) - 50%."
Выберите верное утверждение для Rи многослойной конструкции?;несколько;"Сопротивления слоев суммируются; Данные берут по испытаниям; Данные можно брать по приложению Л; Учитывают только наружный слой";"Сопротивления слоев суммируются; Данные берут по испытаниям; Данные можно брать по приложению Л";СП 50.13330.2024, п. 7.4 Сопротивление воздухопроницанию  многослойной ограждающей конструкции следует рассчитывать как сумму сопротивлений воздухопроницанию отдельных слоев
Для каких конструкций нормируют воздухопроницание?;несколько;"Окна жилых зданий; Балконные двери; Окна общественных зданий; Окна и фонари производственных зданий; Бетонные стены как светопрозрачные";"Окна жилых зданий; Балконные двери; Окна общественных зданий; Окна и фонари производственных зданий";СП 50.13330.2024, п. 7.5 Сопротивление воздухопроницанию окон и балконных дверей жилых и общественных зданий, а также окон и фонарей производственных зданий  должно быть не менее нормируемого сопротивления воздухопроницанию , (м·ч)/кг,
Что используют при расчете Rи светопрозрачных конструкций?;несколько;"Gс; Δp; Δp0=10 Па; Показатель n; Коэффициент солнечного поглощения";"Gс; Δp; Δp0=10 Па; Показатель n";СП 50.13330.2024, пп. 7.5–7.6 Сопротивление воздухопроницанию окон и балконных дверей жилых и общественных зданий, а также окон и фонарей производственных зданий  должно быть не менее нормируемого сопротивления воздухопроницанию , (м·ч)/кг,
Какие мероприятия относятся к защите от переувлажнения?;несколько;"Недопустимость годового накопления влаги; Ограничение влаги в холодный период; Сопротивление паропроницанию; Плоскость максимального увлажнения; Увеличение воздухопроницаемости";"Недопустимость годового накопления влаги; Ограничение влаги в холодный период; Сопротивление паропроницанию; Плоскость максимального увлажнения";СП 50.13330.2024, п. 8.1 Защита от переувлажнения ограждающих конструкций должна обеспечиваться путем проектирования ограждающих конструкций с сопротивлением паропроницанию внутренних слоев не менее требуемого значения, определяемого расчетом одномерного влагопереноса (осуществляемому по механизму паропроницаемости).
В каких случаях теплоусвоение пола не нормируют?;несколько;"Температура пола выше 23 °C; Тяжелые работы категории III; Деревянные щиты на рабочих местах; Теплоизолирующие коврики; Во всех жилых помещениях";"Температура пола выше 23 °C; Тяжелые работы категории III; Деревянные щиты на рабочих местах; Теплоизолирующие коврики";"СП 50.13330.2024, п. 9.3 Не нормируется показатель теплоусвоения поверхности полов:
а) имеющих температуру поверхности выше 23°C;
б) в отапливаемых помещениях производственных зданий, где выполняются тяжелые физические работы (категория III);
в) в производственных зданиях при условии укладки на участке постоянных рабочих мест деревянных щитов или теплоизолирующих ковриков;
г) помещений общественных зданий, эксплуатация которых не связана с постоянным пребыванием в них людей (залы музеев и выставок, фойе театров, кинотеатров и т.п.)."
В каких общественных помещениях теплоусвоение может не нормироваться?;несколько;"Залы музеев; Выставочные залы; Фойе театров; Фойе кинотеатров; Помещения постоянного пребывания";"Залы музеев; Выставочные залы; Фойе театров; Фойе кинотеатров";"СП 50.13330.2024, п. 9.3 Не нормируется показатель теплоусвоения поверхности полов:
а) имеющих температуру поверхности выше 23°C;
б) в отапливаемых помещениях производственных зданий, где выполняются тяжелые физические работы (категория III);
в) в производственных зданиях при условии укладки на участке постоянных рабочих мест деревянных щитов или теплоизолирующих ковриков;
г) помещений общественных зданий, эксплуатация которых не связана с постоянным пребыванием в них людей (залы музеев и выставок, фойе театров, кинотеатров и т.п.)."
Какие приложения СП 50.13330 обязательные?;несколько;"А; Б; Г; Д; Е";"А; Б; Г; Д";СП 50.13330.2024, содержание
Какие приложения СП 50.13330 справочные?;несколько;"В; Е; Ж; И; А";"В; Е; Ж; И";СП 50.13330.2024, содержание
Что рассматривает приложение Е СП 50.13330?;несколько;"Поступление солнечной радиации; Поглощение солнечной радиации; Коэффициенты поглощения; Цвет поверхности; Несущую способность";"Поступление солнечной радиации; Поглощение солнечной радиации; Коэффициенты поглощения; Цвет поверхности";СП 50.13330.2024, прил. Е
Какие характеристики содержит приложение М СП 50.13330?;несколько;"Плотность; Удельная теплоемкость; Теплопроводность; Теплоусвоение; Паропроницаемость; Несущая способность";"Плотность; Удельная теплоемкость; Теплопроводность; Теплоусвоение; Паропроницаемость";СП 50.13330.2024, прил. М
Какие параметры приводятся для определения условий эксплуатации А и Б?;несколько;"Влажность; Теплопроводность; Теплоусвоение; Паропроницаемость; Огнестойкость";"Влажность; Теплопроводность; Теплоусвоение; Паропроницаемость";СП 50.13330.2024, прил. М
Какие критерии применяют к теплозащите?;несколько;"Сопротивление теплопередаче; Удельная теплозащитная характеристика; Температура поверхности; Воздухопроницаемость; Влажностное состояние";"Сопротивление теплопередаче; Удельная теплозащитная характеристика; Температура поверхности; Воздухопроницаемость; Влажностное состояние";СП 50.13330.2024, разд. 5, 7, 8
Укажите утверждения, верно характеризующие определение теплоустойчивости?;несколько;"Рассматривается в разделе 6; Учитывается температура июля; Порог 21 °C и выше; Оценивают колебания внутренней поверхности; Относится только к фундаментам";"Рассматривается в разделе 6; Учитывается температура июля; Порог 21 °C и выше; Оценивают колебания внутренней поверхности";СП 50.13330.2024, п. 6.1 В районах со среднемесячной температурой июля 21°C и выше расчетная амплитуда колебаний температуры внутренней поверхности ограждающих конструкций (наружных стен и перекрытий/покрытий) , °C, жилых зданий, медицинских организаций (больниц, клиник, стационаров и госпиталей), диспансеров, амбулаторно-поликлинических учреждений, родильных домов, домов ребенка, домов-интернатов для престарелых и инвалидов, дошкольных образовательных организаций, яслей-садов (комбинатов) и детских домов, а также производственных зданий, в которых необходимо соблюдать оптимальные параметры температуры и относительной влажности воздуха в рабочей зоне в теплый период года или по условиям технологии поддерживать постоянными температуру или температуру и относительную влажность воздуха, не должна быть более нормируемой амплитуды колебаний температуры внутренней поверхности ограждающей конструкции , °C
"Укажите к чему относится следующее определение:
Совокупность состояний влажности воздуха в помещении";один;"влажностное состояние ограждающей конструкции; влажностный режим помещения; микроклимат помещения; условия эксплуатации ограждающих конструкций";влажностный режим помещения;СП 50.13330.2024, п. 3.1
"К чему относится следующее определение: 
Состояние внутренней среды помещения, оказывающее воздействие на человека, характеризуемое показателями температуры воздуха и ограждающих конструкций, влажностью и подвижностью воздуха";текстовый;;микроклимат помещения;СП 50.13330.2024, п. 3.9
Отношение общей площади внутренней поверхности наружных ограждающих конструкций здания к заключенному в них отапливаемому объему это:;один;"коэффициент теплотехнической однородности фрагмента ограждающей конструкции; показатель компактности здания; коэффициент остекленности фасада здания; тепловая защита здания";показатель компактности здания;СП 50.13330.2024, п. 3.12
"Укажите, к чему относится следующее определение:
Количество тепловой энергии, подводимое от источника к системам отопления и вентиляции, в единицу времени";один;"тепловые затраты здания; тепловые поступления здания; тепловые потери здания; тепловые потребности здания";тепловые затраты здания;СП 50.13330.2024, п. 3.21
"Укажите, к чему относится следующее определение:
Количество тепловой энергии, поступающее в здание от внутренних источников, образующихся в результате жизнедеятельности человека, и от солнечной радиации, в единицу времени";один;"тепловые затраты здания; тепловые поступления здания; тепловые потери здания; тепловые потребности здания"; тепловые поступления здания;СП 50.13330.2024, п. 3.22
"Укажите, к чему относится следующее определение:
Количество тепловой энергии, необходимое для компенсации теплопередачи через ограждающие конструкции здания в наружную окружающую среду и для нагревания наружного воздуха, поступающего в помещения здания, в единицу времени";один;"тепловые затраты здания; тепловые поступления здания; тепловые потери здания; тепловые потребности здания"; тепловые потери здания;СП 50.13330.2024, п. 3.23
"Укажите, к чему относится следующее определение:
Количество тепловой энергии, необходимое для компенсации теплопередачи через ограждающие конструкции здания в наружную окружающую среду и для нагревания наружного воздуха, поступающего в помещения здания, в единицу времени с учетом полезно используемых тепловых поступлений";один;"тепловые затраты здания; тепловые поступления здания; тепловые потери здания; тепловые потребности здания";тепловые потребности здания;СП 50.13330.2024, п. 3.24
Нормируемое значение сопротивления теплопередаче входных дверей  должно быть не менее _____ стен зданий;один;"0,4; 0,5; 0,6; 0,8";0,6;СП 50.13330.2024, п. 5.2 Нормируемое значение сопротивления теплопередаче входных дверей  должно быть не менее 0,6 стен зданий.
Сочетание значений показателей микроклимата, которые при длительном и систематическом воздействии на человека обеспечивают нормальное тепловое состояние организма при минимальном напряжении механизмов терморегуляции и ощущение комфорта не менее чем у 80% людей, находящихся в помещении это:;текстовый;;оптимальные параметры микроклимата;СП 50.13330.2024, п. 3.10
Температура, при которой начинается образование конденсата в воздухе с определенной температурой и относительной влажностью это:;текстовый;;точка росы;СП 50.13330.2024, п. 3.31
"Верно ли следующее утверждение:
Для жилых помещений с площадью наружного остекления более 50% от площади наружных ограждающих конструкций перепад между средней температурой поверхности остекления, с учетом влияния отопительных приборов, и температурой внутреннего воздуха должен быть не более 6°C.";один;"да; нет";нет;СП 50.13330.2024, п. 5.7
;;;;
;;;;
;;;;
;;;;
;;;;
;;;;
;;;;
;;;;
;;;;
;;;;
